NUMERO,NOM,TYPE_1,TYPE_2,POINTS_DE_VIE,POINTS_ATTAQUE,POINTS_DEFFENCE,POINTS_ATTAQUE_SPECIALE,POINT_DEFENSE_SPECIALE,POINTS_VITESSE,NOMBRE_GENERATIONS,LEGENDAIRE,NBRE_COMBATS,NBRE_VICTOIRES,RATIO_VICTOIRES
1,Bulbizarre,Herbe,Poison,45,49,49,65,65,45,1,0,133.0,37.0,0.2781954887218045
2,Herbizarre,Herbe,Poison,60,62,63,80,80,60,1,0,121.0,46.0,0.38016528925619836
3,Florizarre,Herbe,Poison,80,82,83,100,100,80,1,0,132.0,89.0,0.6742424242424242
4,Mega Florizarre,Herbe,Poison,80,100,123,122,120,80,1,0,125.0,70.0,0.56
5,Salameche,Feu,,39,52,43,60,50,65,1,0,112.0,55.0,0.49107142857142855
6,Reptincel,Feu,,58,64,58,80,65,80,1,0,118.0,64.0,0.5423728813559322
7,Dracaufeu,Feu,Vol,78,84,78,109,85,100,1,0,133.0,115.0,0.8646616541353384
8,Mega Dracaufeu X,Feu,Dragon,78,130,111,130,85,100,1,0,139.0,119.0,0.8561151079136691
9,Mega Dracaufeu Y,Feu,Vol,78,104,78,159,115,100,1,0,135.0,114.0,0.8444444444444444
10,Carapuce,Eau,,44,48,65,50,64,43,1,0,117.0,19.0,0.1623931623931624
11,Carabaffe,Eau,,59,63,80,65,80,58,1,0,141.0,59.0,0.41843971631205673
12,Tortank,Eau,,79,83,100,85,105,78,1,0,,,
13,Mega Tortank,Eau,,79,103,120,135,115,78,1,0,144.0,83.0,0.5763888888888888
14,Chenipan,Insecte,,45,30,35,20,20,45,1,0,115.0,17.0,0.14782608695652175
15,Chrysacier,Insecte,,50,20,55,25,25,30,1,0,133.0,13.0,0.09774436090225563
16,Papilusion,Insecte,Vol,60,45,50,90,80,70,1,0,120.0,75.0,0.625
17,Aspicot,Insecte,Poison,40,35,30,20,20,50,1,0,111.0,26.0,0.23423423423423423
18,Coconfort,Insecte,Poison,45,25,50,25,25,35,1,0,130.0,17.0,0.13076923076923078
19,Dardargnan,Insecte,Poison,65,90,40,45,80,75,1,0,128.0,80.0,0.625
20,Mega Dardagnan,Insecte,Poison,65,150,40,15,80,145,1,0,119.0,115.0,0.9663865546218487
21,Roucool,Normal,Vol,40,45,40,35,35,56,1,0,126.0,47.0,0.373015873015873
22,Roucoups,Normal,Vol,63,60,55,50,50,71,1,0,121.0,64.0,0.5289256198347108
23,Roucarnage,Normal,Vol,83,80,75,70,70,101,1,0,130.0,112.0,0.8615384615384616
24,Mega Roucarnage,Normal,Vol,83,80,80,135,80,121,1,0,126.0,119.0,0.9444444444444444
25,Rattata,Normal,,30,56,35,25,35,72,1,0,135.0,65.0,0.48148148148148145
26,Rattatac,Normal,,55,81,60,50,70,97,1,0,140.0,101.0,0.7214285714285714
27,Piafabec,Normal,Vol,40,60,30,31,31,70,1,0,138.0,62.0,0.4492753623188406
28,Rapasdepic,Normal,Vol,65,90,65,61,61,100,1,0,123.0,103.0,0.8373983739837398
29,Abo,Poison,,35,60,44,40,54,55,1,0,131.0,48.0,0.366412213740458
30,Arbok,Poison,,60,85,69,65,79,80,1,0,125.0,72.0,0.576
31,Pikachu,Electrique,,35,55,40,50,50,90,1,0,136.0,93.0,0.6838235294117647
32,Raichu,Electrique,,60,90,55,90,80,110,1,0,121.0,105.0,0.8677685950413223
33,Sabelette,Sol,,50,75,85,20,30,40,1,0,,,
34,Sablaireau,Sol,,75,100,110,45,55,65,1,0,105.0,56.0,0.5333333333333333
35,Nidoran male,Poison,,55,47,52,40,40,41,1,0,119.0,20.0,0.16806722689075632
36,Nidorina,Poison,,70,62,67,55,55,56,1,0,148.0,57.0,0.38513513513513514
37,Nidoqueen,Poison,Sol,90,92,87,75,85,76,1,0,122.0,66.0,0.5409836065573771
38,Nidoran femelle,Poison,,46,57,40,40,40,50,1,0,136.0,34.0,0.25
39,Nidorino,Poison,,61,72,57,55,55,65,1,0,128.0,51.0,0.3984375
40,Nidoking,Poison,Sol,81,102,77,85,75,85,1,0,140.0,79.0,0.5642857142857143
41,MeloFee,Fee,,70,45,48,60,65,35,1,0,127.0,20.0,0.15748031496062992
42,Melodelfe,Fee,,95,70,73,95,90,60,1,0,123.0,49.0,0.3983739837398374
43,Goupix,Feu,,38,41,40,50,65,65,1,0,129.0,53.0,0.4108527131782946
44,Feunard,Feu,,73,76,75,81,100,100,1,0,127.0,103.0,0.8110236220472441
45,Rondoudou,Normal,Fee,115,45,20,45,25,20,1,0,130.0,15.0,0.11538461538461539
46,Grodoudou,Normal,Fee,140,70,45,85,50,45,1,0,,,
47,Nosferapti,Poison,Vol,40,45,35,30,40,55,1,0,145.0,55.0,0.3793103448275862
48,Nosferalto,Poison,Vol,75,80,70,65,75,90,1,0,128.0,97.0,0.7578125
49,Mystherbe,Herbe,Poison,45,50,55,75,65,30,1,0,143.0,9.0,0.06293706293706294
50,Ortide,Herbe,Poison,60,65,70,85,75,40,1,0,129.0,28.0,0.21705426356589147
51,Rafflesia,Herbe,Poison,75,80,85,110,90,50,1,0,124.0,44.0,0.3548387096774194
52,Paras,Insecte,Herbe,35,70,55,45,55,25,1,0,138.0,13.0,0.09420289855072464
53,Parasect,Insecte,Herbe,60,95,80,60,80,30,1,0,154.0,30.0,0.19480519480519481
54,Mimitoss,Insecte,Poison,60,55,50,40,55,45,1,0,143.0,32.0,0.22377622377622378
55,Aeromite,Insecte,Poison,70,65,60,90,75,90,1,0,140.0,92.0,0.6571428571428571
56,Taupiqueur,Sol,,10,55,25,35,45,95,1,0,126.0,68.0,0.5396825396825397
57,Triopikeur,Sol,,35,80,50,50,70,120,1,0,128.0,108.0,0.84375
58,Miaouss,Normal,,40,45,35,40,40,90,1,0,140.0,91.0,0.65
59,Persian,Normal,,65,70,60,65,65,115,1,0,120.0,103.0,0.8583333333333333
60,Psykokwak,Eau,,50,52,48,65,50,55,1,0,142.0,47.0,0.33098591549295775
61,Akwakwak,Eau,,80,82,78,95,80,85,1,0,115.0,79.0,0.6869565217391305
62,Ferosinge,Combat,,40,80,35,35,45,70,1,0,118.0,55.0,0.4661016949152542
63,Colossinge,Combat,,65,105,60,60,70,95,1,0,108.0,85.0,0.7870370370370371
64,Caninos,Feu,,55,70,45,70,50,60,1,0,120.0,54.0,0.45
65,Arcanin,Feu,,90,110,80,100,80,95,1,0,114.0,91.0,0.7982456140350878
66,Ptitard,Eau,,40,50,40,40,40,90,1,0,,,
67,Tetarte,Eau,,65,65,65,50,50,90,1,0,125.0,90.0,0.72
68,Tartard,Eau,Combat,90,95,95,70,90,70,1,0,130.0,68.0,0.5230769230769231
69,Abra,Psy,,25,20,15,105,55,90,1,0,108.0,35.0,0.32407407407407407
70,Kadabra,Psy,,40,35,30,120,70,105,1,0,130.0,87.0,0.6692307692307692
71,Alakazam,Psy,,55,50,45,135,95,120,1,0,140.0,108.0,0.7714285714285715
72,Mega Alakazam,Psy,,55,50,65,175,95,150,1,0,110.0,86.0,0.7818181818181819
73,Machoc,Combat,,70,80,50,35,35,35,1,0,150.0,21.0,0.14
74,Machopeur,Combat,,80,100,70,50,60,45,1,0,124.0,32.0,0.25806451612903225
75,Mackogneur,Combat,,90,130,80,65,85,55,1,0,116.0,51.0,0.4396551724137931
76,Chetiflor,Herbe,Poison,50,75,35,70,30,40,1,0,108.0,23.0,0.21296296296296297
77,Boustiflor,Herbe,Poison,65,90,50,85,45,55,1,0,121.0,45.0,0.371900826446281
78,Empiflor,Herbe,Poison,80,105,65,100,70,70,1,0,,,
79,Tentacool,Eau,Poison,40,40,35,50,100,70,1,0,157.0,79.0,0.5031847133757962
80,Tentacruel,Eau,Poison,80,70,65,80,120,100,1,0,117.0,94.0,0.8034188034188035
81,Racaillou,Roche,Sol,40,80,100,30,30,20,1,0,135.0,16.0,0.11851851851851852
82,Gravalanch,Roche,Sol,55,95,115,45,45,35,1,0,137.0,29.0,0.2116788321167883
83,Grolem,Roche,Sol,80,120,130,55,65,45,1,0,135.0,50.0,0.37037037037037035
84,Ponyta,Feu,,50,85,55,65,65,90,1,0,115.0,86.0,0.7478260869565218
85,Galopa,Feu,,65,100,70,80,80,105,1,0,105.0,91.0,0.8666666666666667
86,Ramoloss,Eau,Psy,90,65,65,40,40,15,1,0,122.0,24.0,0.19672131147540983
87,Flagadoss,Eau,Psy,95,75,110,100,80,30,1,0,131.0,20.0,0.15267175572519084
88,Mega Flagadoss,Eau,Psy,95,75,180,130,80,30,1,0,116.0,16.0,0.13793103448275862
89,Magneti,Electrique,Acier,25,35,70,95,55,45,1,0,143.0,24.0,0.16783216783216784
90,Magneton,Electrique,Acier,50,60,95,120,70,70,1,0,,,
91,Canarticho,Normal,Vol,52,65,55,58,62,60,1,0,116.0,52.0,0.4482758620689655
92,Doduo,Normal,Vol,35,85,45,35,35,75,1,0,134.0,87.0,0.6492537313432836
93,Dodrio,Normal,Vol,60,110,70,60,60,100,1,0,143.0,121.0,0.8461538461538461
94,Otaria,Eau,,65,45,55,45,70,45,1,0,119.0,29.0,0.24369747899159663
95,Lamantine,Eau,Glace,90,70,80,70,95,70,1,0,131.0,68.0,0.5190839694656488
96,Tadmorv,Poison,,80,80,50,40,50,25,1,0,142.0,25.0,0.176056338028169
97,Grotadmorv,Poison,,105,105,75,65,100,50,1,0,133.0,50.0,0.37593984962406013
98,Kokiyas,Eau,,30,65,100,45,25,40,1,0,111.0,21.0,0.1891891891891892
99,Crustabri,Eau,Glace,50,95,180,85,45,70,1,0,134.0,71.0,0.5298507462686567
100,Fantominus,Spectre,Poison,30,35,30,100,35,80,1,0,128.0,61.0,0.4765625
101,Spectrum,Spectre,Poison,45,50,45,115,55,95,1,0,111.0,77.0,0.6936936936936937
102,Ectoplasma,Spectre,Poison,60,65,60,130,75,110,1,0,114.0,88.0,0.7719298245614035
103,Mega Ectoplasma,Spectre,Poison,60,65,80,170,95,130,1,0,131.0,113.0,0.8625954198473282
104,Onix,Roche,Sol,35,45,160,30,45,70,1,0,135.0,65.0,0.48148148148148145
105,Soporifik,Psy,,60,48,45,43,90,42,1,0,137.0,30.0,0.21897810218978103
106,Hypnomade,Psy,,85,73,70,73,115,67,1,0,119.0,61.0,0.5126050420168067
107,Krabby,Eau,,30,105,90,25,25,50,1,0,137.0,38.0,0.2773722627737226
108,Krabboss,Eau,,55,130,115,50,50,75,1,0,112.0,67.0,0.5982142857142857
109,Voltorbe,Electrique,,40,30,50,55,55,100,1,0,113.0,66.0,0.584070796460177
110,electrode,Electrique,,60,50,70,80,80,140,1,0,129.0,109.0,0.8449612403100775
111,Noeunoeuf,Herbe,Psy,60,40,80,60,45,40,1,0,136.0,32.0,0.23529411764705882
112,Noadkoko,Herbe,Psy,95,95,85,125,65,55,1,0,95.0,37.0,0.3894736842105263
113,Osselait,Sol,,50,50,95,40,50,35,1,0,143.0,29.0,0.20279720279720279
114,Ossatueur,Sol,,60,80,110,50,80,45,1,0,120.0,34.0,0.2833333333333333
115,Kicklee,Combat,,50,120,53,35,110,87,1,0,128.0,82.0,0.640625
116,Tygnon,Combat,,50,105,79,35,110,76,1,0,140.0,87.0,0.6214285714285714
117,Excelangue,Normal,,90,55,75,60,75,30,1,0,136.0,19.0,0.13970588235294118
118,Smogo,Poison,,40,65,95,60,45,35,1,0,143.0,20.0,0.13986013986013987
119,Smogogo,Poison,,65,90,120,85,70,60,1,0,129.0,56.0,0.43410852713178294
120,Rhinocorne,Sol,Roche,80,85,95,30,30,25,1,0,119.0,34.0,0.2857142857142857
121,Rhinoferos,Sol,Roche,105,130,120,45,45,40,1,0,108.0,48.0,0.4444444444444444
122,Leveinard,Normal,,250,5,5,35,105,50,1,0,98.0,15.0,0.15306122448979592
123,Saquedeneu,Herbe,,65,55,115,100,40,60,1,0,129.0,49.0,0.3798449612403101
124,Kangourex,Normal,,105,95,80,40,80,90,1,0,126.0,95.0,0.753968253968254
125,Mega Kangourex,Normal,,105,125,100,60,100,100,1,0,128.0,107.0,0.8359375
126,Hypotrempe,Eau,,30,40,70,70,25,60,1,0,133.0,55.0,0.41353383458646614
127,Hypocean,Eau,,55,65,95,95,45,85,1,0,118.0,78.0,0.6610169491525424
128,Poissirene,Eau,,45,67,60,35,50,63,1,0,117.0,60.0,0.5128205128205128
129,Poissoroy,Eau,,80,92,65,65,80,68,1,0,114.0,55.0,0.4824561403508772
130,Stari,Eau,,30,45,55,70,55,85,1,0,142.0,80.0,0.5633802816901409
131,Staross,Eau,Psy,60,75,85,100,85,115,1,0,129.0,116.0,0.8992248062015504
132,M. Mime,Psy,Fee,40,45,65,100,120,90,1,0,136.0,76.0,0.5588235294117647
133,Insecateur,Insecte,Vol,70,110,80,55,80,105,1,0,141.0,124.0,0.8794326241134752
134,Lippoutou,Glace,Psy,65,50,35,115,95,95,1,0,135.0,99.0,0.7333333333333333
135,elektek,Electrique,,65,83,57,95,85,105,1,0,129.0,115.0,0.8914728682170543
136,Magmar,Feu,,65,95,57,100,85,93,1,0,129.0,96.0,0.7441860465116279
137,Scarabrute,Insecte,,65,125,100,55,70,85,1,0,124.0,81.0,0.6532258064516129
138,Mega Scarabrute,Insecte,Vol,65,155,120,65,90,105,1,0,121.0,105.0,0.8677685950413223
139,Tauros,Normal,,75,100,95,40,70,110,1,0,117.0,102.0,0.8717948717948718
140,Magicarpe,Eau,,20,10,55,15,20,80,1,0,139.0,25.0,0.17985611510791366
141,Leviator,Eau,Vol,95,125,79,60,100,81,1,0,133.0,82.0,0.6165413533834586
142,Mega Leviator,Eau,Obscur,95,155,109,70,130,81,1,0,137.0,93.0,0.6788321167883211
143,Lokhlass,Eau,Glace,130,85,80,85,95,60,1,0,139.0,61.0,0.43884892086330934
144,Metamorph,Normal,,48,48,48,48,48,48,1,0,,,
145,evoli,Normal,,55,55,50,45,65,55,1,0,99.0,37.0,0.37373737373737376
146,Aquali,Eau,,130,65,60,110,95,65,1,0,132.0,69.0,0.5227272727272727
147,Voltali,Electrique,,65,65,60,110,95,130,1,0,134.0,124.0,0.9253731343283582
148,Pyroli,Feu,,65,130,60,95,110,65,1,0,132.0,70.0,0.5303030303030303
149,Porygon,Normal,,65,60,70,85,75,40,1,0,128.0,23.0,0.1796875
150,Amonita,Roche,Eau,35,40,100,90,55,35,1,0,128.0,23.0,0.1796875
151,Amonistar,Roche,Eau,70,60,125,115,70,55,1,0,138.0,49.0,0.35507246376811596
152,Kabuto,Roche,Eau,30,80,90,55,45,55,1,0,142.0,61.0,0.4295774647887324
153,Kabutops,Roche,Eau,60,115,105,65,70,80,1,0,110.0,79.0,0.7181818181818181
154,Ptera,Roche,Vol,80,105,65,60,75,130,1,0,141.0,136.0,0.9645390070921985
155,Mega Ptera,Roche,Vol,80,135,85,70,95,150,1,0,129.0,127.0,0.9844961240310077
156,Ronflex,Normal,,160,110,65,65,110,30,1,0,112.0,40.0,0.35714285714285715
157,Artikodin,Glace,Vol,90,85,100,95,125,85,1,1,139.0,95.0,0.6834532374100719
158,electhor,Electrique,Vol,90,90,85,125,90,100,1,1,121.0,93.0,0.768595041322314
159,Sulfura,Feu,Vol,90,100,90,125,85,90,1,1,136.0,100.0,0.7352941176470589
160,Minidraco,Dragon,,41,64,45,50,50,50,1,0,117.0,43.0,0.36752136752136755
161,Draco,Dragon,,61,84,65,70,70,70,1,0,116.0,58.0,0.5
162,Dracolosse,Dragon,Vol,91,134,95,100,100,80,1,0,138.0,87.0,0.6304347826086957
163,Mewtwo,Psy,,106,110,90,154,90,130,1,1,164.0,152.0,0.926829268292683
164,Mega Mewtwo X,Psy,Combat,106,190,100,154,100,130,1,1,135.0,125.0,0.9259259259259259
165,Mega Mewtwo Y,Psy,,106,150,70,194,120,140,1,1,125.0,119.0,0.952
166,Mew,Psy,,100,100,100,100,100,100,1,0,113.0,94.0,0.831858407079646
167,Germignon,Herbe,,45,49,65,49,65,45,2,0,120.0,33.0,0.275
168,Macronium,Herbe,,60,62,80,63,80,60,2,0,113.0,49.0,0.4336283185840708
169,Meganium,Herbe,,80,82,100,83,100,80,2,0,129.0,88.0,0.6821705426356589
170,Hericendre,Feu,,39,52,43,60,50,65,2,0,121.0,61.0,0.5041322314049587
171,Feurisson,Feu,,58,64,58,80,65,80,2,0,151.0,92.0,0.609271523178808
172,Typhlosion,Feu,,78,84,78,109,85,100,2,0,116.0,100.0,0.8620689655172413
173,Kaiminus,Eau,,50,65,64,44,48,43,2,0,132.0,29.0,0.2196969696969697
174,Crocrodil,Eau,,65,80,80,59,63,58,2,0,136.0,60.0,0.4411764705882353
175,Aligatueur,Eau,,85,105,100,79,83,78,2,0,138.0,81.0,0.5869565217391305
176,Fouinette,Normal,,35,46,34,35,45,20,2,0,125.0,9.0,0.072
177,Fouinar,Normal,,85,76,64,45,55,90,2,0,138.0,93.0,0.6739130434782609
178,Hoothoot,Normal,Vol,60,30,30,36,56,50,2,0,111.0,36.0,0.32432432432432434
179,Noarfang,Normal,Vol,100,50,50,76,96,70,2,0,136.0,68.0,0.5
180,Coxy,Insecte,Vol,40,20,30,40,80,55,2,0,123.0,28.0,0.22764227642276422
181,Coxyclaque,Insecte,Vol,55,35,50,55,110,85,2,0,137.0,86.0,0.6277372262773723
182,Mimigal,Insecte,Poison,40,60,40,40,40,30,2,0,137.0,13.0,0.0948905109489051
183,Migalos,Insecte,Poison,70,90,70,60,60,40,2,0,,,
184,Nostenfer,Poison,Vol,85,90,80,70,80,130,2,0,122.0,113.0,0.9262295081967213
185,Loupio,Eau,Electrique,75,38,38,56,56,67,2,0,114.0,60.0,0.5263157894736842
186,Lanturn,Eau,Electrique,125,58,58,76,76,67,2,0,128.0,66.0,0.515625
187,Pichu,Electrique,,20,40,15,35,35,60,2,0,105.0,36.0,0.34285714285714286
188,Melo,Fee,,50,25,28,45,55,15,2,0,112.0,7.0,0.0625
189,Toudoudou,Normal,Fee,90,30,15,40,20,15,2,0,115.0,5.0,0.043478260869565216
190,Togepi,Fee,,35,20,65,40,65,20,2,0,122.0,3.0,0.02459016393442623
191,Togetic,Fee,Vol,55,40,85,80,105,40,2,0,127.0,30.0,0.23622047244094488
192,Natu,Psy,Vol,40,50,45,70,45,70,2,0,116.0,64.0,0.5517241379310345
193,Xatu,Psy,Vol,65,75,70,95,70,95,2,0,121.0,88.0,0.7272727272727273
194,Wattouat,Electrique,,55,40,40,65,45,35,2,0,140.0,23.0,0.16428571428571428
195,Lainergie,Electrique,,70,55,55,80,60,45,2,0,108.0,24.0,0.2222222222222222
196,Pharamp,Electrique,,90,75,85,115,90,55,2,0,119.0,41.0,0.3445378151260504
197,Mega Pharamp,Electrique,Dragon,90,95,105,165,110,45,2,0,128.0,37.0,0.2890625
198,Joliflor,Herbe,,75,80,95,90,100,50,2,0,139.0,30.0,0.2158273381294964
199,Marill,Eau,Fee,70,20,50,20,50,40,2,0,122.0,19.0,0.1557377049180328
200,Azumarill,Eau,Fee,100,50,80,60,80,50,2,0,128.0,44.0,0.34375
201,Simularbre,Roche,,70,100,115,30,65,30,2,0,123.0,30.0,0.24390243902439024
202,Tarpaud,Eau,,90,75,75,90,100,70,2,0,119.0,65.0,0.5462184873949579
203,Granivol,Herbe,Vol,35,35,40,35,55,50,2,0,119.0,48.0,0.40336134453781514
204,Floravol,Herbe,Vol,55,45,50,45,65,80,2,0,119.0,66.0,0.5546218487394958
205,Cotovol,Herbe,Vol,75,55,70,55,95,110,2,0,135.0,114.0,0.8444444444444444
206,Capumain,Normal,,55,70,55,40,55,85,2,0,123.0,87.0,0.7073170731707317
207,Tournegrin,Herbe,,30,30,30,30,30,30,2,0,111.0,14.0,0.12612612612612611
208,Heliatronc,Herbe,,75,75,55,105,85,30,2,0,142.0,23.0,0.1619718309859155
209,Yanma,Insecte,Vol,65,65,45,75,45,95,2,0,125.0,90.0,0.72
210,Axoloto,Eau,Sol,55,45,45,25,25,15,2,0,125.0,6.0,0.048
211,Maraiste,Eau,Sol,95,85,85,65,65,35,2,0,140.0,36.0,0.2571428571428571
212,Mentali,Psy,,65,65,60,130,95,110,2,0,142.0,117.0,0.823943661971831
213,Noctali,Obscur,,95,65,110,60,130,65,2,0,127.0,67.0,0.5275590551181102
214,Cornebre,Obscur,Vol,60,85,42,85,42,91,2,0,158.0,130.0,0.8227848101265823
215,Roigada,Eau,Psy,95,75,80,100,110,30,2,0,132.0,32.0,0.24242424242424243
216,Feuforeve,Spectre,,60,60,60,85,85,85,2,0,133.0,84.0,0.631578947368421
217,Zarbi,Psy,,48,72,48,72,48,48,2,0,127.0,33.0,0.25984251968503935
218,Qulbutoke,Psy,,190,33,58,33,58,33,2,0,134.0,18.0,0.13432835820895522
219,Girafarig,Normal,Psy,70,80,65,90,65,85,2,0,128.0,74.0,0.578125
220,Pomdepik,Insecte,,50,65,90,35,35,15,2,0,109.0,16.0,0.14678899082568808
221,Foretress,Insecte,Acier,75,90,140,60,60,40,2,0,123.0,37.0,0.3008130081300813
222,Insolourdo,Normal,,100,70,70,65,65,45,2,0,137.0,26.0,0.1897810218978102
223,Scorplane,Sol,Vol,65,75,105,35,65,85,2,0,134.0,93.0,0.6940298507462687
224,Steelix,Acier,Sol,75,85,200,55,65,30,2,0,149.0,25.0,0.16778523489932887
225,Mega Steelix,Acier,Sol,75,125,230,55,95,30,2,0,145.0,50.0,0.3448275862068966
226,Snubbull,Fee,,60,80,50,40,40,30,2,0,137.0,21.0,0.15328467153284672
227,Granbull,Fee,,90,120,75,60,60,45,2,0,119.0,35.0,0.29411764705882354
228,Qwilfish,Eau,Poison,65,95,75,55,55,85,2,0,150.0,104.0,0.6933333333333334
229,Cizayox,Insecte,Acier,70,130,100,55,80,65,2,0,125.0,76.0,0.608
230,Mega Cizayox,Insecte,Acier,70,150,140,65,100,75,2,0,140.0,77.0,0.55
231,Caratroc,Insecte,Roche,20,10,230,10,230,5,2,0,,,
232,Scarhino,Insecte,Combat,80,125,75,40,95,85,2,0,136.0,94.0,0.6911764705882353
233,Mega Scarhino,Insecte,Combat,80,185,115,40,105,75,2,0,130.0,81.0,0.6230769230769231
234,Farfuret,Obscur,Glace,55,95,55,35,75,115,2,0,113.0,106.0,0.9380530973451328
235,Teddiursa,Normal,,60,80,50,50,50,40,2,0,109.0,26.0,0.23853211009174313
236,Ursaring,Normal,,90,130,75,75,75,55,2,0,,,
237,Limagma,Feu,,40,40,40,70,40,20,2,0,123.0,4.0,0.032520325203252036
238,Volcaropod,Feu,Roche,50,50,120,80,80,30,2,0,124.0,9.0,0.07258064516129033
239,Marcacrin,Glace,Sol,50,50,40,30,30,50,2,0,133.0,37.0,0.2781954887218045
240,Cochignon,Glace,Sol,100,100,80,60,60,50,2,0,118.0,36.0,0.3050847457627119
241,Corayon,Eau,Roche,55,55,85,65,85,35,2,0,139.0,28.0,0.2014388489208633
242,Remoraid,Eau,,35,65,35,65,35,65,2,0,148.0,69.0,0.46621621621621623
243,Octillery,Eau,,75,105,75,105,75,45,2,0,113.0,37.0,0.3274336283185841
244,Cadoizo,Glace,Vol,45,55,45,65,45,75,2,0,130.0,74.0,0.5692307692307692
245,Demanta,Eau,Vol,65,40,70,80,140,70,2,0,131.0,78.0,0.5954198473282443
246,Airmure,Acier,Vol,65,80,140,40,70,70,2,0,134.0,70.0,0.5223880597014925
247,Malosse,Obscur,Feu,45,60,30,80,50,65,2,0,126.0,58.0,0.4603174603174603
248,Demolosse,Obscur,Feu,75,90,50,110,80,95,2,0,139.0,111.0,0.7985611510791367
249,Mega Demolosse,Obscur,Feu,75,90,90,140,90,115,2,0,135.0,128.0,0.9481481481481482
250,Hyporoi,Eau,Dragon,75,95,95,95,95,85,2,0,136.0,88.0,0.6470588235294118
251,Phanpy,Sol,,90,60,60,40,40,40,2,0,132.0,39.0,0.29545454545454547
252,Donphan,Sol,,90,120,120,60,60,50,2,0,136.0,48.0,0.35294117647058826
253,Porygon2,Normal,,85,80,90,105,95,60,2,0,108.0,53.0,0.49074074074074076
254,Cerfrousse,Normal,,73,95,62,85,65,85,2,0,135.0,90.0,0.6666666666666666
255,Queulorior,Normal,,55,20,35,20,45,75,2,0,138.0,52.0,0.37681159420289856
256,Debugant,Combat,,35,35,35,35,35,35,2,0,127.0,17.0,0.13385826771653545
257,Kapoera,Combat,,50,95,95,35,110,70,2,0,139.0,72.0,0.5179856115107914
258,Lippouti,Glace,Psy,45,30,15,85,65,65,2,0,127.0,46.0,0.36220472440944884
259,elekid,Electrique,,45,63,37,65,55,95,2,0,144.0,116.0,0.8055555555555556
260,Magby,Feu,,45,75,37,70,55,83,2,0,131.0,81.0,0.6183206106870229
261,ecremeuh,Normal,,95,80,105,40,70,100,2,0,128.0,103.0,0.8046875
262,Leuphorie,Normal,,255,10,10,75,135,55,2,0,128.0,40.0,0.3125
263,Raikou,Electrique,,90,85,75,115,100,115,2,1,97.0,91.0,0.9381443298969072
264,Entei,Feu,,115,115,85,90,75,100,2,1,134.0,109.0,0.8134328358208955
265,Suicune,Eau,,100,75,115,90,115,85,2,1,121.0,78.0,0.6446280991735537
266,Embrylex,Roche,Sol,50,64,50,45,50,41,2,0,110.0,25.0,0.22727272727272727
267,Ymphect,Roche,Sol,70,84,70,65,70,51,2,0,139.0,41.0,0.2949640287769784
268,Tyranocif,Roche,Obscur,100,134,110,95,100,61,2,0,138.0,56.0,0.4057971014492754
269,Mega Tyranocif,Roche,Obscur,100,164,150,95,120,71,2,0,124.0,70.0,0.5645161290322581
270,Lugia,Psy,Vol,106,90,130,90,154,110,2,1,123.0,107.0,0.8699186991869918
271,Ho-Oh,Feu,Vol,106,130,90,110,154,90,2,1,107.0,77.0,0.719626168224299
272,Celebi,Psy,Herbe,100,100,100,100,100,100,2,0,133.0,111.0,0.8345864661654135
273,Arcko,Herbe,,40,45,35,65,55,70,3,0,116.0,52.0,0.4482758620689655
274,Massko,Herbe,,50,65,45,85,65,95,3,0,105.0,76.0,0.7238095238095238
275,Jungko,Herbe,,70,85,65,105,85,120,3,0,122.0,113.0,0.9262295081967213
276,Mega Jungko,Herbe,Dragon,70,110,75,145,85,145,3,0,126.0,119.0,0.9444444444444444
277,Poussifeu,Feu,,45,60,40,70,50,45,3,0,137.0,39.0,0.2846715328467153
278,Galifeu,Feu,Combat,60,85,60,85,60,55,3,0,147.0,54.0,0.3673469387755102
279,Brasegali,Feu,Combat,80,120,70,110,70,80,3,0,123.0,79.0,0.6422764227642277
280,Mega Brasegali,Feu,Combat,80,160,80,130,80,100,3,0,123.0,104.0,0.8455284552845529
281,Gobou,Eau,,50,70,50,50,50,40,3,0,135.0,22.0,0.16296296296296298
282,Flobio,Eau,Sol,70,85,70,60,70,50,3,0,148.0,42.0,0.28378378378378377
283,Laggron,Eau,Sol,100,110,90,85,90,60,3,0,136.0,65.0,0.47794117647058826
284,Mega Laggron,Eau,Sol,100,150,110,95,110,70,3,0,130.0,77.0,0.5923076923076923
285,Medhyena,Obscur,,35,55,35,30,30,35,3,0,114.0,27.0,0.23684210526315788
286,Grahyena,Obscur,,70,90,70,60,60,70,3,0,133.0,85.0,0.6390977443609023
287,Zigzaton,Normal,,38,30,41,30,41,60,3,0,107.0,31.0,0.2897196261682243
288,Lineon,Normal,,78,70,61,50,61,100,3,0,124.0,101.0,0.8145161290322581
289,Chenipotte,Insecte,,45,45,35,20,30,20,3,0,138.0,10.0,0.07246376811594203
290,Armulys,Insecte,,50,35,55,25,25,15,3,0,138.0,3.0,0.021739130434782608
291,Charmillon,Insecte,Vol,60,70,50,100,50,65,3,0,138.0,72.0,0.5217391304347826
292,Blindalys,Insecte,,50,35,55,25,25,15,3,0,133.0,7.0,0.05263157894736842
293,Papinox,Insecte,Poison,60,50,70,50,90,65,3,0,139.0,55.0,0.39568345323741005
294,Nenupiot,Eau,Herbe,40,30,30,40,50,30,3,0,126.0,10.0,0.07936507936507936
295,Lombre,Eau,Herbe,60,50,50,60,70,50,3,0,127.0,36.0,0.28346456692913385
296,Ludicolo,Eau,Herbe,80,70,70,90,100,70,3,0,123.0,69.0,0.5609756097560976
297,Grainipiot,Herbe,,40,40,50,30,30,30,3,0,126.0,11.0,0.0873015873015873
298,Pifeuil,Herbe,Obscur,70,70,40,60,40,60,3,0,113.0,48.0,0.4247787610619469
299,Tengalice,Herbe,Obscur,90,100,60,90,60,80,3,0,123.0,79.0,0.6422764227642277
300,Nirondelle,Normal,Vol,40,55,30,30,30,85,3,0,125.0,86.0,0.688
301,Heledelle,Normal,Vol,60,85,60,50,50,125,3,0,121.0,110.0,0.9090909090909091
302,Goelise,Eau,Vol,40,30,30,55,30,85,3,0,120.0,56.0,0.4666666666666667
303,Bekipan,Eau,Vol,60,50,100,85,70,65,3,0,124.0,59.0,0.47580645161290325
304,Tarsal,Psy,Fee,28,25,25,45,35,40,3,0,143.0,23.0,0.16083916083916083
305,Kirlia,Psy,Fee,38,35,35,65,55,50,3,0,136.0,36.0,0.2647058823529412
306,Gardevoir,Psy,Fee,68,65,65,125,115,80,3,0,130.0,84.0,0.6461538461538462
307,Mega Gardevoir,Psy,Fee,68,85,65,165,135,100,3,0,120.0,97.0,0.8083333333333333
308,Arakdo,Insecte,Eau,40,30,32,50,52,65,3,0,128.0,47.0,0.3671875
309,Maskadra,Insecte,Vol,70,60,62,80,82,60,3,0,144.0,63.0,0.4375
310,Balignon,Herbe,,60,40,60,40,60,35,3,0,144.0,26.0,0.18055555555555555
311,Chapignon,Herbe,Combat,60,130,80,60,60,70,3,0,130.0,67.0,0.5153846153846153
312,Parecool,Normal,,60,60,60,35,35,30,3,0,134.0,15.0,0.11194029850746269
313,Vigoroth,Normal,,80,80,80,55,55,90,3,0,134.0,86.0,0.6417910447761194
314,Monaflemit,Normal,,150,160,100,95,65,100,3,0,150.0,133.0,0.8866666666666667
315,Ningale,Insecte,Sol,31,45,90,30,30,40,3,0,114.0,25.0,0.21929824561403508
316,Ninjask,Insecte,Vol,61,90,45,50,50,160,3,0,117.0,108.0,0.9230769230769231
317,Munja,Insecte,Spectre,1,90,45,30,30,40,3,0,124.0,41.0,0.33064516129032256
318,Chuchmur,Normal,,64,51,23,51,23,28,3,0,132.0,15.0,0.11363636363636363
319,Ramboum,Normal,,84,71,43,71,43,48,3,0,143.0,37.0,0.25874125874125875
320,Brouhabam,Normal,,104,91,63,91,73,68,3,0,127.0,65.0,0.5118110236220472
321,Makuhita,Combat,,72,60,30,20,30,25,3,0,121.0,14.0,0.11570247933884298
322,Hariyama,Combat,,144,120,60,40,60,50,3,0,,,
323,Azurill,Normal,Fee,50,20,40,20,40,20,3,0,135.0,13.0,0.0962962962962963
324,Tarinor,Roche,,30,45,135,45,90,30,3,0,140.0,13.0,0.09285714285714286
325,Skitty,Normal,,50,45,45,35,35,50,3,0,136.0,32.0,0.23529411764705882
326,Delcatty,Normal,,70,65,65,55,55,70,3,0,116.0,58.0,0.5
327,Tenefix,Obscur,Spectre,50,75,75,65,65,50,3,0,121.0,49.0,0.4049586776859504
328,Mega Tenefix,Obscur,Spectre,50,85,125,85,115,20,3,0,137.0,59.0,0.4306569343065693
329,Mysdibule,Acier,Fee,50,85,85,55,55,50,3,0,123.0,48.0,0.3902439024390244
330,Mega Mysdibule,Acier,Fee,50,105,125,55,95,50,3,0,141.0,53.0,0.375886524822695
331,Galekid,Acier,Roche,50,70,100,40,40,30,3,0,126.0,28.0,0.2222222222222222
332,Galegon,Acier,Roche,60,90,140,50,50,40,3,0,142.0,36.0,0.2535211267605634
333,Galeking,Acier,Roche,70,110,180,60,60,50,3,0,153.0,63.0,0.4117647058823529
334,Mega Laggron,Acier,,70,140,230,60,80,50,3,0,148.0,48.0,0.32432432432432434
335,Meditikka,Combat,Psy,30,40,55,40,55,60,3,0,139.0,45.0,0.3237410071942446
336,Charmina,Combat,Psy,60,60,75,60,75,80,3,0,112.0,82.0,0.7321428571428571
337,Mega Charmina,Combat,Psy,60,100,85,80,85,100,3,0,127.0,89.0,0.7007874015748031
338,Dynavolt,Electrique,,40,45,40,65,40,65,3,0,136.0,77.0,0.5661764705882353
339,elecsprint,Electrique,,70,75,60,105,60,105,3,0,125.0,110.0,0.88
340,Mega elecsprint,Electrique,,70,75,80,135,80,135,3,0,134.0,123.0,0.917910447761194
341,Posipi,Electrique,,60,50,40,85,75,95,3,0,122.0,92.0,0.7540983606557377
342,Negapi,Electrique,,60,40,50,75,85,95,3,0,134.0,81.0,0.6044776119402985
343,Muciole,Insecte,,65,73,55,47,75,85,3,0,111.0,76.0,0.6846846846846847
344,Lumivole,Insecte,,65,47,55,73,75,85,3,0,160.0,104.0,0.65
345,Roselia,Herbe,Poison,50,60,45,100,80,65,3,0,116.0,53.0,0.45689655172413796
346,Gloupti,Poison,,70,43,53,43,53,40,3,0,110.0,21.0,0.19090909090909092
347,Avaltout,Poison,,100,73,83,73,83,55,3,0,121.0,45.0,0.371900826446281
348,Carvanha,Eau,Obscur,45,90,20,65,20,65,3,0,129.0,66.0,0.5116279069767442
349,Sharpedo,Eau,Obscur,70,120,40,95,40,95,3,0,132.0,107.0,0.8106060606060606
350,Mega Sharpedo,Eau,Obscur,70,140,70,110,65,105,3,0,120.0,114.0,0.95
351,Wailmer,Eau,,130,70,35,70,35,60,3,0,112.0,45.0,0.4017857142857143
352,Wailord,Eau,,170,90,45,90,45,60,3,0,138.0,59.0,0.427536231884058
353,Chamallot,Feu,Sol,60,60,40,65,45,35,3,0,120.0,19.0,0.15833333333333333
354,Camerupt,Feu,Sol,70,100,70,105,75,40,3,0,112.0,26.0,0.23214285714285715
355,Mega Camerupt,Feu,Sol,70,120,100,145,105,20,3,0,131.0,37.0,0.2824427480916031
356,Chartor,Feu,,70,85,140,85,70,20,3,0,125.0,34.0,0.272
357,Spoink,Psy,,60,25,35,70,80,60,3,0,117.0,36.0,0.3076923076923077
358,Groret,Psy,,80,45,65,90,110,80,3,0,108.0,59.0,0.5462962962962963
359,Spinda,Normal,,60,60,60,60,60,60,3,0,126.0,48.0,0.38095238095238093
360,Kraknoix,Sol,,45,100,45,45,45,10,3,0,139.0,41.0,0.2949640287769784
361,Vibraninf,Sol,Dragon,50,70,50,50,50,70,3,0,124.0,70.0,0.5645161290322581
362,Libegon,Sol,Dragon,80,100,80,80,80,100,3,0,116.0,105.0,0.9051724137931034
363,Cacnea,Herbe,,50,85,40,85,40,35,3,0,126.0,22.0,0.1746031746031746
364,Cacturne,Herbe,Obscur,70,115,60,115,60,55,3,0,142.0,66.0,0.4647887323943662
365,Tylton,Normal,Vol,45,40,60,40,75,50,3,0,123.0,36.0,0.2926829268292683
366,Altaria,Dragon,Vol,75,70,90,70,105,80,3,0,125.0,82.0,0.656
367,Mega Altaria,Dragon,Fee,75,110,110,110,105,80,3,0,137.0,90.0,0.656934306569343
368,Mangriff,Normal,,73,115,60,60,60,90,3,0,118.0,79.0,0.6694915254237288
369,Seviper,Poison,,73,100,60,100,60,65,3,0,143.0,61.0,0.42657342657342656
370,Seleroc,Roche,Psy,70,55,65,95,85,70,3,0,130.0,69.0,0.5307692307692308
371,Solaroc,Roche,Psy,70,95,85,55,65,70,3,0,108.0,54.0,0.5
372,Barloche,Eau,Sol,50,48,43,46,41,60,3,0,148.0,70.0,0.47297297297297297
373,Barbicha,Eau,Sol,110,78,73,76,71,60,3,0,123.0,41.0,0.3333333333333333
374,ecrapince,Eau,,43,80,65,50,35,35,3,0,155.0,22.0,0.14193548387096774
375,Colhomard,Eau,Obscur,63,120,85,90,55,55,3,0,121.0,34.0,0.2809917355371901
376,Balbuto,Sol,Psy,40,40,55,40,70,55,3,0,149.0,61.0,0.40939597315436244
377,Kaorine,Sol,Psy,60,70,105,70,120,75,3,0,122.0,73.0,0.5983606557377049
378,Lilia,Roche,Herbe,66,41,77,61,87,23,3,0,124.0,15.0,0.12096774193548387
379,Vacilys,Roche,Herbe,86,81,97,81,107,43,3,0,128.0,26.0,0.203125
380,Anorith,Roche,Insecte,45,95,50,40,50,75,3,0,150.0,81.0,0.54
381,Armaldo,Roche,Insecte,75,125,100,70,80,45,3,0,112.0,37.0,0.33035714285714285
382,Barpau,Eau,,20,15,20,10,55,80,3,0,123.0,33.0,0.2682926829268293
383,Milobellus,Eau,,95,60,79,100,125,81,3,0,129.0,80.0,0.6201550387596899
384,Morpheo,Normal,,70,70,70,70,70,70,3,0,121.0,64.0,0.5289256198347108
385,Kecleon,Normal,,60,90,70,60,120,40,3,0,124.0,34.0,0.27419354838709675
386,Polichombr,Spectre,,44,75,35,63,33,45,3,0,136.0,36.0,0.2647058823529412
387,Branette,Spectre,,64,115,65,83,63,65,3,0,139.0,74.0,0.5323741007194245
388,Mega Branette,Spectre,,64,165,75,93,83,75,3,0,126.0,83.0,0.6587301587301587
389,Skelenox,Spectre,,20,40,90,30,90,25,3,0,132.0,15.0,0.11363636363636363
390,Teraclope,Spectre,,40,70,130,60,130,25,3,0,121.0,21.0,0.17355371900826447
391,Tropius,Herbe,Vol,99,68,83,72,87,51,3,0,134.0,56.0,0.417910447761194
392,eoko,Psy,,65,50,70,95,80,65,3,0,122.0,52.0,0.4262295081967213
393,Absol,Obscur,,65,130,60,75,60,75,3,0,129.0,89.0,0.689922480620155
394,Mega Absol,Obscur,,65,150,60,115,60,115,3,0,139.0,130.0,0.935251798561151
395,Okeoke,Psy,,95,23,48,23,48,23,3,0,130.0,6.0,0.046153846153846156
396,Stalgamin,Glace,,50,50,50,50,50,50,3,0,127.0,39.0,0.30708661417322836
397,Oniglali,Glace,,80,80,80,80,80,80,3,0,133.0,80.0,0.6015037593984962
398,Mega Oniglali,Glace,,80,120,80,120,80,100,3,0,92.0,78.0,0.8478260869565217
399,Obalie,Glace,Eau,70,40,50,55,50,25,3,0,131.0,8.0,0.061068702290076333
400,Phogleur,Glace,Eau,90,60,70,75,70,45,3,0,134.0,32.0,0.23880597014925373
401,Kaimorse,Glace,Eau,110,80,90,95,90,65,3,0,149.0,75.0,0.5033557046979866
402,Coquiperl,Eau,,35,64,85,74,55,32,3,0,116.0,23.0,0.19827586206896552
403,Serpang,Eau,,55,104,105,94,75,52,3,0,132.0,48.0,0.36363636363636365
404,Rosabyss,Eau,,55,84,105,114,75,52,3,0,128.0,37.0,0.2890625
405,Relicanth,Eau,Roche,100,90,130,45,65,55,3,0,134.0,57.0,0.4253731343283582
406,Lovdisc,Eau,,43,30,55,40,65,97,3,0,131.0,79.0,0.6030534351145038
407,Draby,Dragon,,45,75,60,40,30,50,3,0,125.0,38.0,0.304
408,Drackhaus,Dragon,,65,95,100,60,50,50,3,0,123.0,43.0,0.34959349593495936
409,Drattak,Dragon,Vol,95,135,80,110,80,100,3,0,137.0,113.0,0.8248175182481752
410,Mega Drattak,Dragon,Vol,95,145,130,120,90,120,3,0,133.0,125.0,0.9398496240601504
411,Terhal,Acier,Psy,40,55,80,35,60,30,3,0,133.0,20.0,0.15037593984962405
412,Metang,Acier,Psy,60,75,100,55,80,50,3,0,136.0,42.0,0.3088235294117647
413,Metalosse,Acier,Psy,80,135,130,95,90,70,3,0,110.0,57.0,0.5181818181818182
414,Mega Metalosse,Acier,Psy,80,145,150,105,110,110,3,0,130.0,113.0,0.8692307692307693
415,Regirock,Roche,,80,100,200,50,100,50,3,1,144.0,50.0,0.3472222222222222
416,Regice,Glace,,80,50,100,100,200,50,3,1,140.0,33.0,0.2357142857142857
417,Registeel,Acier,,80,75,150,75,150,50,3,1,113.0,35.0,0.30973451327433627
418,Latias,Dragon,Psy,80,80,90,110,130,110,3,1,133.0,116.0,0.8721804511278195
419,Mega Latias,Dragon,Psy,80,100,120,140,150,110,3,1,,,
420,Latios,Dragon,Psy,80,90,80,130,110,110,3,1,125.0,107.0,0.856
421,Mega Latios,Dragon,Psy,80,130,100,160,120,110,3,1,108.0,97.0,0.8981481481481481
422,Kyogre,Eau,,100,100,90,150,140,90,3,1,128.0,92.0,0.71875
423,Kyogre primaire,Eau,,100,150,90,180,160,90,3,1,132.0,97.0,0.7348484848484849
424,Groudon,Sol,,100,150,140,100,90,90,3,1,133.0,106.0,0.7969924812030075
425,Groudon primaire,Sol,Feu,100,180,160,150,90,90,3,1,121.0,91.0,0.7520661157024794
426,Rayquaza,Dragon,Vol,105,150,90,150,90,95,3,1,140.0,116.0,0.8285714285714286
427,Mega Rayquaza,Dragon,Vol,105,180,100,180,100,115,3,1,134.0,127.0,0.9477611940298507
428,Jirachi,Acier,Psy,100,100,100,100,100,100,3,1,153.0,134.0,0.8758169934640523
429,Deoxys forme normale,Psy,,50,150,50,150,50,150,3,1,106.0,99.0,0.9339622641509434
430,Deoxys forme attaque,Psy,,50,180,20,180,20,150,3,1,134.0,121.0,0.9029850746268657
431,Deoxys forme defense,Psy,,50,70,160,70,160,90,3,1,151.0,112.0,0.7417218543046358
432,Deoxys forme rapide,Psy,,50,95,90,95,90,180,3,1,145.0,133.0,0.9172413793103448
433,Tortipouss,Herbe,,55,68,64,45,55,31,4,0,120.0,14.0,0.11666666666666667
434,Boskara,Herbe,,75,89,85,55,65,36,4,0,132.0,39.0,0.29545454545454547
435,Torterra,Herbe,Sol,95,109,105,75,85,56,4,0,113.0,39.0,0.34513274336283184
436,Ouisticram,Feu,,44,58,44,58,44,61,4,0,112.0,47.0,0.41964285714285715
437,Chimpenfeu,Feu,Combat,64,78,52,78,52,81,4,0,123.0,79.0,0.6422764227642277
438,Simiabraz,Feu,Combat,76,104,71,104,71,108,4,0,149.0,136.0,0.912751677852349
439,Tiplouf,Eau,,53,51,53,61,56,40,4,0,140.0,20.0,0.14285714285714285
440,Prinplouf,Eau,,64,66,68,81,76,50,4,0,131.0,33.0,0.25190839694656486
441,Pingoleon,Eau,Acier,84,86,88,111,101,60,4,0,123.0,57.0,0.4634146341463415
442,etourmi,Normal,Vol,40,55,30,30,30,60,4,0,124.0,54.0,0.43548387096774194
443,etourvol,Normal,Vol,55,75,50,40,40,80,4,0,119.0,75.0,0.6302521008403361
444,etouraptor,Normal,Vol,85,120,70,50,60,100,4,0,136.0,113.0,0.8308823529411765
445,Keunotor,Normal,,59,45,40,35,40,31,4,0,133.0,19.0,0.14285714285714285
446,Castorno,Normal,Eau,79,85,60,55,60,71,4,0,139.0,84.0,0.60431654676259
447,Crikzik,Insecte,,37,25,41,25,41,25,4,0,124.0,11.0,0.08870967741935484
448,Melokrik,Insecte,,77,85,51,55,51,65,4,0,122.0,63.0,0.5163934426229508
449,Lixy,Electrique,,45,65,34,40,34,45,4,0,139.0,36.0,0.2589928057553957
450,Luxio,Electrique,,60,85,49,60,49,60,4,0,126.0,56.0,0.4444444444444444
451,Luxray,Electrique,,80,120,79,95,79,70,4,0,132.0,77.0,0.5833333333333334
452,Rozbouton,Herbe,Poison,40,30,35,50,70,55,4,0,117.0,33.0,0.28205128205128205
453,Roserade,Herbe,Poison,60,70,65,125,105,90,4,0,136.0,94.0,0.6911764705882353
454,Kranidos,Roche,,67,125,40,30,30,58,4,0,102.0,35.0,0.3431372549019608
455,Charkos,Roche,,97,165,60,65,50,58,4,0,123.0,48.0,0.3902439024390244
456,Dinoclier,Roche,Acier,30,42,118,42,88,30,4,0,125.0,14.0,0.112
457,Bastiodon,Roche,Acier,60,52,168,47,138,30,4,0,121.0,24.0,0.19834710743801653
458,Cheniti,Insecte,,40,29,45,29,45,36,4,0,123.0,18.0,0.14634146341463414
459,Cheniselle cape de plante,Insecte,Herbe,60,59,85,79,105,36,4,0,126.0,21.0,0.16666666666666666
460,Cheniselle cape de sable,Insecte,Sol,60,79,105,59,85,36,4,0,129.0,22.0,0.17054263565891473
461,Cheniselle cape de corbeille,Insecte,Acier,60,69,95,69,95,36,4,0,138.0,36.0,0.2608695652173913
462,Papilord,Insecte,Vol,70,94,50,94,50,66,4,0,135.0,65.0,0.48148148148148145
463,Apitrini,Insecte,Vol,30,30,42,30,42,70,4,0,130.0,55.0,0.4230769230769231
464,Apireine,Insecte,Vol,70,80,102,80,102,40,4,0,127.0,34.0,0.2677165354330709
465,Pachirisu,Electrique,,60,45,70,45,90,95,4,0,141.0,103.0,0.7304964539007093
466,Mustebouee,Eau,,55,65,35,60,30,85,4,0,111.0,68.0,0.6126126126126126
467,Musteflott,Eau,,85,105,55,85,50,115,4,0,124.0,112.0,0.9032258064516129
468,Ceribou,Herbe,,45,35,45,62,53,35,4,0,135.0,16.0,0.11851851851851852
469,Ceriflor,Herbe,,70,60,70,87,78,85,4,0,114.0,71.0,0.6228070175438597
470,Sancoki,Eau,,76,48,48,57,62,34,4,0,154.0,18.0,0.11688311688311688
471,Tritosor,Eau,Sol,111,83,68,92,82,39,4,0,124.0,22.0,0.1774193548387097
472,Capidextre,Normal,,75,100,66,60,66,115,4,0,111.0,102.0,0.918918918918919
473,Baudrive,Spectre,Vol,90,50,34,60,44,70,4,0,113.0,71.0,0.6283185840707964
474,Grodrive,Spectre,Vol,150,80,44,90,54,80,4,0,128.0,80.0,0.625
475,Laporeille,Normal,,55,66,44,44,56,85,4,0,135.0,93.0,0.6888888888888889
476,Lockpin,Normal,,65,76,84,54,96,105,4,0,121.0,109.0,0.9008264462809917
477,Mega Lockpin,Normal,Combat,65,136,94,54,96,135,4,0,129.0,124.0,0.9612403100775194
478,Magireve,Spectre,,60,60,60,105,105,105,4,0,125.0,106.0,0.848
479,Corboss,Obscur,Vol,100,125,52,105,52,71,4,0,,,
480,Chaglam,Normal,,49,55,42,42,37,85,4,0,117.0,71.0,0.6068376068376068
481,Chaffreux,Normal,,71,82,64,64,59,112,4,0,119.0,111.0,0.9327731092436975
482,Korillon,Psy,,45,30,50,65,50,45,4,0,123.0,17.0,0.13821138211382114
483,Moufouette,Poison,Obscur,63,63,47,41,41,74,4,0,125.0,70.0,0.56
484,Moufflair,Poison,Obscur,103,93,67,71,61,84,4,0,119.0,85.0,0.7142857142857143
485,Archeomire,Acier,Psy,57,24,86,24,86,23,4,0,110.0,14.0,0.12727272727272726
486,Archeodong,Acier,Psy,67,89,116,79,116,33,4,0,141.0,37.0,0.2624113475177305
487,Manzae,Roche,,50,80,95,10,45,10,4,0,125.0,29.0,0.232
488,Mime Jr.,Psy,Fee,20,25,45,70,90,60,4,0,120.0,37.0,0.30833333333333335
489,Ptiravi,Normal,,100,5,5,15,65,30,4,0,104.0,8.0,0.07692307692307693
490,Pijako,Normal,Vol,76,65,45,92,42,91,4,0,149.0,111.0,0.7449664429530202
491,Spiritomb,Spectre,Obscur,50,92,108,92,108,35,4,0,118.0,29.0,0.2457627118644068
492,Griknot,Dragon,Sol,58,70,45,40,45,42,4,0,135.0,35.0,0.25925925925925924
493,Carmache,Dragon,Sol,68,90,65,50,55,82,4,0,133.0,82.0,0.6165413533834586
494,Carchacrok,Dragon,Sol,108,130,95,80,85,102,4,0,127.0,97.0,0.7637795275590551
495,Mega Carchacrok,Dragon,Sol,108,170,115,120,95,92,4,0,120.0,85.0,0.7083333333333334
496,Goinfrex,Normal,,135,85,40,40,85,5,4,0,118.0,81.0,0.6864406779661016
497,Riolu,Combat,,40,70,40,35,40,60,4,0,125.0,49.0,0.392
498,Lucario,Combat,Acier,70,110,70,115,70,90,4,0,120.0,90.0,0.75
499,Mega Lucario,Combat,Acier,70,145,88,140,70,112,4,0,108.0,96.0,0.8888888888888888
500,Hippopotas,Sol,,68,72,78,38,42,32,4,0,126.0,30.0,0.23809523809523808
501,Hippodocus,Sol,,108,112,118,68,72,47,4,0,120.0,35.0,0.2916666666666667
502,Rapion,Poison,Insecte,40,50,90,30,55,65,4,0,141.0,63.0,0.44680851063829785
503,Drascore,Poison,Obscur,70,90,110,60,75,95,4,0,120.0,88.0,0.7333333333333333
504,Cradopaud,Poison,Combat,48,61,40,61,40,50,4,0,114.0,29.0,0.2543859649122807
505,Coatox,Poison,Combat,83,106,65,86,65,85,4,0,128.0,85.0,0.6640625
506,Vortente,Herbe,,74,100,72,90,72,46,4,0,114.0,28.0,0.24561403508771928
507,ecayon,Eau,,49,49,56,49,61,66,4,0,131.0,68.0,0.5190839694656488
508,Lumineon,Eau,,69,69,76,69,86,91,4,0,119.0,78.0,0.6554621848739496
509,Babimanta,Eau,Vol,45,20,50,60,120,50,4,0,108.0,26.0,0.24074074074074073
510,Blizzi,Herbe,Glace,60,62,50,62,60,40,4,0,121.0,22.0,0.18181818181818182
511,Blizzaroi,Herbe,Glace,90,92,75,92,85,60,4,0,121.0,60.0,0.49586776859504134
512,Mega Blizzaroi,Herbe,Glace,90,132,105,132,105,30,4,0,146.0,62.0,0.4246575342465753
513,Dimoret,Obscur,Glace,70,120,65,45,85,125,4,0,119.0,116.0,0.9747899159663865
514,Magnezone,Electrique,Acier,70,70,115,130,90,60,4,0,118.0,63.0,0.5338983050847458
515,Coudlangue,Normal,,110,85,95,80,95,50,4,0,129.0,35.0,0.2713178294573643
516,Rhinastoc,Sol,Roche,115,140,130,55,55,40,4,0,104.0,47.0,0.4519230769230769
517,Bouldeneu,Herbe,,100,100,125,110,50,50,4,0,125.0,48.0,0.384
518,elekable,Electrique,,75,123,67,95,85,95,4,0,123.0,94.0,0.7642276422764228
519,Maganon,Feu,,75,95,67,125,95,83,4,0,111.0,79.0,0.7117117117117117
520,Togekiss,Fee,Vol,85,50,95,120,115,80,4,0,126.0,73.0,0.5793650793650794
521,Yanmega,Insecte,Vol,86,76,86,116,56,95,4,0,114.0,91.0,0.7982456140350878
522,Phyllali,Herbe,,65,110,130,60,65,95,4,0,151.0,125.0,0.8278145695364238
523,Givrali,Glace,,65,60,110,130,95,65,4,0,134.0,64.0,0.47761194029850745
524,Scorvol,Sol,Vol,75,95,125,45,75,95,4,0,132.0,109.0,0.8257575757575758
525,Mammochon,Glace,Sol,110,130,80,70,60,80,4,0,116.0,68.0,0.5862068965517241
526,Porygon-Z,Normal,,85,80,70,135,75,90,4,0,147.0,103.0,0.7006802721088435
527,Gallame,Psy,Combat,68,125,65,65,115,80,4,0,137.0,86.0,0.6277372262773723
528,Mega Gallame,Psy,Combat,68,165,95,65,115,110,4,0,130.0,112.0,0.8615384615384616
529,Tarinorme,Roche,Acier,60,55,145,75,150,40,4,0,130.0,26.0,0.2
530,Noctunoir,Spectre,,45,100,135,65,135,45,4,0,136.0,40.0,0.29411764705882354
531,Momartik,Glace,Spectre,70,80,70,80,70,110,4,0,138.0,91.0,0.6594202898550725
532,Motisma,Electrique,Spectre,50,50,77,95,77,91,4,0,120.0,71.0,0.5916666666666667
533,Motisma chaud,Electrique,Feu,50,65,107,105,107,86,4,0,113.0,79.0,0.6991150442477876
534,Mirosa lavage,Electrique,Eau,50,65,107,105,107,86,4,0,116.0,90.0,0.7758620689655172
535,Motisma frost,Electrique,Glace,50,65,107,105,107,86,4,0,128.0,90.0,0.703125
536,Motisma,Electrique,Vol,50,65,107,105,107,86,4,0,121.0,88.0,0.7272727272727273
537,Mitosma tondu,Electrique,Herbe,50,65,107,105,107,86,4,0,134.0,98.0,0.7313432835820896
538,Crehelf,Psy,,75,75,130,75,130,95,4,1,123.0,92.0,0.7479674796747967
539,Crefollet,Psy,,80,105,105,105,105,80,4,1,133.0,79.0,0.5939849624060151
540,Crefadet,Psy,,75,125,70,125,70,115,4,1,135.0,122.0,0.9037037037037037
541,Dialga,Acier,Dragon,100,120,120,150,100,90,4,1,151.0,119.0,0.7880794701986755
542,Palkia,Eau,Dragon,90,120,100,150,120,100,4,1,149.0,115.0,0.7718120805369127
543,Heatran,Feu,Acier,91,90,106,130,106,77,4,1,131.0,85.0,0.648854961832061
544,Regigigas,Normal,,110,160,110,80,110,100,4,1,142.0,122.0,0.8591549295774648
545,Giratina forme modifiee,Spectre,Dragon,150,100,120,100,120,90,4,1,111.0,74.0,0.6666666666666666
546,Giratina forme originale,Spectre,Dragon,150,120,100,120,100,90,4,1,134.0,89.0,0.664179104477612
547,Cresselia,Psy,,120,70,120,75,130,85,4,0,118.0,79.0,0.6694915254237288
548,Phione,Eau,,80,80,80,80,80,80,4,0,132.0,74.0,0.5606060606060606
549,Manaphy,Eau,,100,100,100,100,100,100,4,0,134.0,118.0,0.8805970149253731
550,Darkrai,Obscur,,70,90,90,135,90,125,4,1,117.0,110.0,0.9401709401709402
551,Shaymin forme de terre,Herbe,,100,100,100,100,100,100,4,1,136.0,117.0,0.8602941176470589
552,Shaymin forme de ciel,Herbe,Vol,100,103,75,120,75,127,4,1,118.0,111.0,0.940677966101695
553,Arceus,Normal,,120,120,120,120,120,120,4,1,122.0,114.0,0.9344262295081968
554,Victini,Psy,Feu,100,100,100,100,100,100,5,1,131.0,115.0,0.8778625954198473
555,Vipelierre,Herbe,,45,45,55,45,55,63,5,0,111.0,51.0,0.4594594594594595
556,Lianaja,Herbe,,60,60,75,60,75,83,5,0,,,
557,Majaspic,Herbe,,75,75,95,75,95,113,5,0,132.0,119.0,0.9015151515151515
558,Gruikui,Feu,,65,63,45,45,45,45,5,0,131.0,34.0,0.2595419847328244
559,Grotichon,Feu,Combat,90,93,55,70,55,55,5,0,144.0,55.0,0.3819444444444444
560,Roitiflam,Feu,Combat,110,123,65,100,65,65,5,0,138.0,72.0,0.5217391304347826
561,Moustillon,Eau,,55,55,45,63,45,45,5,0,124.0,31.0,0.25
562,Mateloutre,Eau,,75,75,60,83,60,60,5,0,122.0,48.0,0.39344262295081966
563,Clamiral,Eau,,95,100,85,108,70,70,5,0,115.0,65.0,0.5652173913043478
564,Ratentif,Normal,,45,55,39,35,39,42,5,0,135.0,25.0,0.18518518518518517
565,Miradar,Normal,,60,85,69,60,69,77,5,0,133.0,69.0,0.518796992481203
566,Ponchiot,Normal,,45,60,45,25,45,55,5,0,100.0,29.0,0.29
567,Ponchien,Normal,,65,80,65,35,65,60,5,0,138.0,53.0,0.38405797101449274
568,Mastouffe,Normal,,85,110,90,45,90,80,5,0,116.0,72.0,0.6206896551724138
569,Chacripan,Obscur,,41,50,37,50,37,66,5,0,114.0,59.0,0.5175438596491229
570,Leopardus,Obscur,,64,88,50,88,50,106,5,0,135.0,123.0,0.9111111111111111
571,Feuillajou,Herbe,,50,53,48,53,48,64,5,0,130.0,53.0,0.4076923076923077
572,Feuiloutan,Herbe,,75,98,63,98,63,101,5,0,131.0,106.0,0.8091603053435115
573,Flamajou,Feu,,50,53,48,53,48,64,5,0,130.0,60.0,0.46153846153846156
574,Flamoutan,Feu,,75,98,63,98,63,101,5,0,127.0,113.0,0.889763779527559
575,Flotajou,Eau,,50,53,48,53,48,64,5,0,117.0,42.0,0.358974358974359
576,Flotoutan,Eau,,75,98,63,98,63,101,5,0,133.0,113.0,0.849624060150376
577,Munna,Psy,,76,25,45,67,55,24,5,0,128.0,5.0,0.0390625
578,Mushana,Psy,,116,55,85,107,95,29,5,0,132.0,9.0,0.06818181818181818
579,Poichigeon,Normal,Vol,50,55,50,36,30,43,5,0,154.0,45.0,0.2922077922077922
580,Colombeau,Normal,Vol,62,77,62,50,42,65,5,0,124.0,60.0,0.4838709677419355
581,Deflaisan,Normal,Vol,80,115,80,65,55,93,5,0,130.0,102.0,0.7846153846153846
582,Zebribon,Electrique,,45,60,32,50,32,76,5,0,135.0,80.0,0.5925925925925926
583,Zeblitz,Electrique,,75,100,63,80,63,116,5,0,107.0,100.0,0.9345794392523364
584,Nodulithe,Roche,,55,75,85,25,25,15,5,0,144.0,27.0,0.1875
585,Geolithe,Roche,,70,105,105,50,40,20,5,0,131.0,44.0,0.33587786259541985
586,Gigalithe,Roche,,85,135,130,60,80,25,5,0,148.0,60.0,0.40540540540540543
587,Chovsourir,Psy,Vol,55,45,43,55,43,72,5,0,123.0,72.0,0.5853658536585366
588,Rhinolove,Psy,Vol,67,57,55,77,55,114,5,0,116.0,103.0,0.8879310344827587
589,Rototaupe,Sol,,60,85,40,30,45,68,5,0,109.0,70.0,0.6422018348623854
590,Minotaupe,Sol,Acier,110,135,60,50,65,88,5,0,133.0,103.0,0.7744360902255639
591,Nanmeouee,Normal,,103,60,86,60,86,50,5,0,133.0,46.0,0.3458646616541353
592,Mega Nanmeouee,Normal,Fee,103,60,126,80,126,50,5,0,132.0,48.0,0.36363636363636365
593,Charpenti,Combat,,75,80,55,25,35,35,5,0,150.0,28.0,0.18666666666666668
594,Ouvrifier,Combat,,85,105,85,40,50,40,5,0,118.0,25.0,0.211864406779661
595,Betochef,Combat,,105,140,95,55,65,45,5,0,130.0,39.0,0.3
596,Tritonde,Eau,,50,50,40,50,40,64,5,0,136.0,62.0,0.45588235294117646
597,Batracne,Eau,Sol,75,65,55,65,55,69,5,0,124.0,54.0,0.43548387096774194
598,Crapustule,Eau,Sol,105,95,75,85,75,74,5,0,119.0,68.0,0.5714285714285714
599,Judokrak,Combat,,120,100,85,30,85,45,5,0,147.0,33.0,0.22448979591836735
600,Karaclee,Combat,,75,125,75,30,75,85,5,0,136.0,85.0,0.625
601,Larveyette,Insecte,Herbe,45,53,70,40,60,42,5,0,136.0,35.0,0.25735294117647056
602,Couverdure,Insecte,Herbe,55,63,90,50,80,42,5,0,123.0,26.0,0.21138211382113822
603,Manternel,Insecte,Herbe,75,103,80,70,80,92,5,0,121.0,96.0,0.7933884297520661
604,Venipatte,Insecte,Poison,30,45,59,30,39,57,5,0,132.0,37.0,0.2803030303030303
605,Scobolide,Insecte,Poison,40,55,99,40,79,47,5,0,99.0,26.0,0.26262626262626265
606,Brutapode,Insecte,Poison,60,100,89,55,69,112,5,0,114.0,106.0,0.9298245614035088
607,Doudouvet,Herbe,Fee,40,27,60,37,50,66,5,0,127.0,46.0,0.36220472440944884
608,Farfaduvet,Herbe,Fee,60,67,85,77,75,116,5,0,117.0,104.0,0.8888888888888888
609,Chlorobule,Herbe,,45,35,50,70,50,30,5,0,146.0,23.0,0.15753424657534246
610,Fragilady,Herbe,,70,60,75,110,75,90,5,0,127.0,91.0,0.7165354330708661
611,Bargantua,Eau,,70,92,65,80,55,98,5,0,110.0,89.0,0.8090909090909091
612,Mascaeman,Sol,Obscur,50,72,35,35,35,65,5,0,134.0,72.0,0.5373134328358209
613,Escroco,Sol,Obscur,60,82,45,45,45,74,5,0,113.0,65.0,0.5752212389380531
614,Crocorible,Sol,Obscur,95,117,80,65,70,92,5,0,132.0,111.0,0.8409090909090909
615,Darumarond,Feu,,70,90,45,15,45,50,5,0,124.0,45.0,0.3629032258064516
616,Darumacho forme standard,Feu,,105,140,55,30,55,95,5,0,133.0,109.0,0.8195488721804511
617,Darumacho mode zen,Feu,Psy,105,30,105,140,105,55,5,0,122.0,43.0,0.3524590163934426
618,Maracachi,Herbe,,75,86,67,106,67,60,5,0,,,
619,Crabicoque,Insecte,Roche,50,65,85,35,35,55,5,0,132.0,43.0,0.32575757575757575
620,Crabaraque,Insecte,Roche,70,95,125,65,75,45,5,0,119.0,40.0,0.33613445378151263
621,Baggiguane,Obscur,Combat,50,75,70,35,70,48,5,0,109.0,32.0,0.29357798165137616
622,Baggaed,Obscur,Combat,65,90,115,45,115,58,5,0,121.0,61.0,0.5041322314049587
623,Cryptero,Psy,Vol,72,58,80,103,80,97,5,0,152.0,109.0,0.7171052631578947
624,Tutafeh,Spectre,,38,30,85,55,65,30,5,0,126.0,27.0,0.21428571428571427
625,Tutankafer,Spectre,,58,50,145,95,105,30,5,0,122.0,30.0,0.2459016393442623
626,Carapagos,Eau,Roche,54,78,103,53,45,22,5,0,129.0,30.0,0.23255813953488372
627,Megapagos,Eau,Roche,74,108,133,83,65,32,5,0,140.0,45.0,0.32142857142857145
628,Arkeapti,Roche,Vol,55,112,45,74,45,70,5,0,118.0,66.0,0.559322033898305
629,Aeropteryx,Roche,Vol,75,140,65,112,65,110,5,0,128.0,117.0,0.9140625
630,Miamiasme,Poison,,50,50,62,40,62,65,5,0,117.0,49.0,0.4188034188034188
631,Miasmax,Poison,,80,95,82,60,82,75,5,0,145.0,87.0,0.6
632,Zorua,Obscur,,40,65,40,80,40,65,5,0,131.0,66.0,0.5038167938931297
633,Zoroark,Obscur,,60,105,60,120,60,105,5,0,113.0,100.0,0.8849557522123894
634,Chinchidou,Normal,,55,50,40,40,40,75,5,0,148.0,88.0,0.5945945945945946
635,Pashmilla,Normal,,75,95,60,65,60,115,5,0,131.0,115.0,0.8778625954198473
636,Scrutella,Psy,,45,30,50,55,65,45,5,0,125.0,26.0,0.208
637,Mesmerella,Psy,,60,45,70,75,85,55,5,0,123.0,37.0,0.3008130081300813
638,Siderella,Psy,,70,55,95,95,110,65,5,0,133.0,65.0,0.48872180451127817
639,Nucleos,Psy,,45,30,40,105,50,20,5,0,129.0,4.0,0.031007751937984496
640,Meios,Psy,,65,40,50,125,60,30,5,0,124.0,9.0,0.07258064516129033
641,Symbios,Psy,,110,65,75,125,85,30,5,0,120.0,18.0,0.15
642,Couaneton,Eau,Vol,62,44,50,44,50,55,5,0,124.0,45.0,0.3629032258064516
643,Lakmecygne,Eau,Vol,75,87,63,87,63,98,5,0,119.0,103.0,0.865546218487395
644,Sorbebe,Glace,,36,50,50,65,60,44,5,0,110.0,18.0,0.16363636363636364
645,Sorboul,Glace,,51,65,65,80,75,59,5,0,126.0,55.0,0.4365079365079365
646,Sorbouboul,Glace,,71,95,85,110,95,79,5,0,125.0,83.0,0.664
647,Vivaldaim,Normal,Herbe,60,60,50,40,50,75,5,0,119.0,70.0,0.5882352941176471
648,Haydaim,Normal,Herbe,80,100,70,60,70,95,5,0,120.0,89.0,0.7416666666666667
649,Emolga,Electrique,Vol,55,75,60,75,60,103,5,0,114.0,91.0,0.7982456140350878
650,Carabing,Insecte,,50,75,45,40,45,60,5,0,121.0,53.0,0.4380165289256198
651,Laneargot,Insecte,Acier,70,135,105,60,105,20,5,0,124.0,72.0,0.5806451612903226
652,Trompignon,Herbe,Poison,69,55,45,55,55,15,5,0,120.0,14.0,0.11666666666666667
653,Gaulet,Herbe,Poison,114,85,70,85,80,30,5,0,121.0,25.0,0.2066115702479339
654,Viskuse,Eau,Spectre,55,40,50,65,85,40,5,0,132.0,42.0,0.3181818181818182
655,Moyade,Eau,Spectre,100,60,70,85,105,60,5,0,,,
656,Mamanbo,Eau,,165,75,80,40,45,65,5,0,132.0,68.0,0.5151515151515151
657,Statitik,Insecte,Electrique,50,47,50,57,50,65,5,0,138.0,64.0,0.463768115942029
658,Mygavolt,Insecte,Electrique,70,77,60,97,60,108,5,0,137.0,115.0,0.8394160583941606
659,Grindur,Herbe,Acier,44,50,91,24,86,10,5,0,111.0,22.0,0.1981981981981982
660,Noacier,Herbe,Acier,74,94,131,54,116,20,5,0,136.0,61.0,0.4485294117647059
661,Tic,Acier,,40,55,70,45,60,30,5,0,113.0,12.0,0.10619469026548672
662,Clic,Acier,,60,80,95,70,85,50,5,0,121.0,27.0,0.2231404958677686
663,Cliticlic,Acier,,60,100,115,70,85,90,5,0,131.0,99.0,0.7557251908396947
664,Anchwatt,Electrique,,35,55,40,45,40,60,5,0,126.0,45.0,0.35714285714285715
665,Lamperoie,Electrique,,65,85,70,75,70,40,5,0,128.0,26.0,0.203125
666,Ohmassacre,Electrique,,85,115,80,105,80,50,5,0,111.0,34.0,0.3063063063063063
667,Lewsor,Psy,,55,55,55,85,55,30,5,0,159.0,21.0,0.1320754716981132
668,Neitram,Psy,,75,75,75,125,95,40,5,0,134.0,21.0,0.15671641791044777
669,Funecire,Spectre,Feu,50,30,55,65,55,20,5,0,117.0,16.0,0.13675213675213677
670,Melancolux,Spectre,Feu,60,40,60,95,60,55,5,0,135.0,57.0,0.4222222222222222
671,Lugulabre,Spectre,Feu,60,55,90,145,90,80,5,0,112.0,68.0,0.6071428571428571
672,Coupenotte,Dragon,,46,87,60,30,40,57,5,0,135.0,51.0,0.37777777777777777
673,Incisache,Dragon,,66,117,70,40,50,67,5,0,129.0,59.0,0.4573643410852713
674,Tranchodon,Dragon,,76,147,90,60,70,97,5,0,127.0,105.0,0.8267716535433071
675,Polarhume,Glace,,55,70,40,60,40,40,5,0,115.0,31.0,0.26956521739130435
676,Polagriffe,Glace,,95,110,80,70,80,50,5,0,129.0,48.0,0.37209302325581395
677,Hexagel,Glace,,70,50,30,95,135,105,5,0,148.0,119.0,0.8040540540540541
678,Escargaume,Insecte,,50,40,85,40,65,25,5,0,124.0,11.0,0.08870967741935484
679,Limaspeed,Insecte,,80,70,40,100,60,145,5,0,128.0,118.0,0.921875
680,Limonde,Sol,Electrique,109,66,84,81,99,32,5,0,144.0,29.0,0.2013888888888889
681,Kungfouine,Combat,,45,85,50,55,50,65,5,0,130.0,66.0,0.5076923076923077
682,Shaofouine,Combat,,65,125,60,95,60,105,5,0,131.0,121.0,0.9236641221374046
683,Drakkarmin,Dragon,,77,120,90,60,90,48,5,0,140.0,39.0,0.2785714285714286
684,Gringolem,Sol,Spectre,59,74,50,35,50,35,5,0,128.0,40.0,0.3125
685,Golemastoc,Sol,Spectre,89,124,80,55,80,55,5,0,126.0,72.0,0.5714285714285714
686,Scalpion,Obscur,Acier,45,85,70,40,40,60,5,0,109.0,57.0,0.5229357798165137
687,Scalproie,Obscur,Acier,65,125,100,60,70,70,5,0,141.0,86.0,0.6099290780141844
688,Frison,Normal,,95,110,95,40,95,55,5,0,119.0,48.0,0.40336134453781514
689,Furaiglon,Normal,Vol,70,83,50,37,50,60,5,0,122.0,41.0,0.3360655737704918
690,Gueriaigle,Normal,Vol,100,123,75,57,75,80,5,0,156.0,108.0,0.6923076923076923
691,Vostourno,Obscur,Vol,70,55,75,45,65,60,5,0,122.0,56.0,0.45901639344262296
692,Vaututrice,Obscur,Vol,110,65,105,55,95,80,5,0,147.0,92.0,0.6258503401360545
693,Aflamanoir,Feu,,85,97,66,105,66,65,5,0,121.0,57.0,0.47107438016528924
694,Fermite,Insecte,Acier,58,109,112,48,48,109,5,0,134.0,118.0,0.8805970149253731
695,Solochi,Obscur,Dragon,52,65,50,45,50,38,5,0,124.0,34.0,0.27419354838709675
696,Diamat,Obscur,Dragon,72,85,70,65,70,58,5,0,138.0,57.0,0.41304347826086957
697,Trioxhydre,Obscur,Dragon,92,105,90,125,90,98,5,0,129.0,106.0,0.8217054263565892
698,Pyronille,Insecte,Feu,55,85,55,50,55,60,5,0,137.0,58.0,0.4233576642335766
699,Pyrax,Insecte,Feu,85,60,65,135,105,100,5,0,137.0,103.0,0.7518248175182481
700,Cobaltium,Acier,Combat,91,90,129,90,72,108,5,1,128.0,117.0,0.9140625
701,Terrakium,Roche,Combat,91,129,90,72,90,108,5,1,123.0,105.0,0.8536585365853658
702,Viridium,Herbe,Combat,91,90,72,90,129,108,5,1,125.0,112.0,0.896
703,Boreas forme Incarnate,Vol,,79,115,70,125,80,111,5,1,111.0,94.0,0.8468468468468469
704,Boreas forme Therian,Vol,,79,100,80,110,90,121,5,1,125.0,121.0,0.968
705,Fulguris forme Incarnate,Electrique,Vol,79,115,70,125,80,111,5,1,125.0,108.0,0.864
706,Fulguris forme Therian,Electrique,Vol,79,105,70,145,80,101,5,1,115.0,99.0,0.8608695652173913
707,Reshiram,Dragon,Feu,100,120,100,150,120,90,5,1,125.0,91.0,0.728
708,Zekrom,Dragon,Electrique,100,150,120,120,100,90,5,1,154.0,100.0,0.6493506493506493
709,Demeteros forme incarnee,Sol,Vol,89,125,90,115,80,101,5,1,102.0,89.0,0.8725490196078431
710,Demeteros forme Therian,Sol,Vol,89,145,90,105,80,91,5,1,131.0,112.0,0.8549618320610687
711,Kyurem,Dragon,Glace,125,130,90,130,90,95,5,1,128.0,99.0,0.7734375
712,Kyurem noir,Dragon,Glace,125,170,100,120,90,95,5,1,100.0,77.0,0.77
713,Kyurem blanc,Dragon,Glace,125,120,90,170,100,95,5,1,128.0,100.0,0.78125
714,Keldeo forme ordinaire,Eau,Combat,91,72,90,129,90,108,5,0,116.0,100.0,0.8620689655172413
715,Keldeo forme resolue,Eau,Combat,91,72,90,129,90,108,5,0,121.0,108.0,0.8925619834710744
716,Meloetta forme Aria,Normal,Psy,100,77,77,128,128,90,5,0,142.0,98.0,0.6901408450704225
717,Meloetta forme Pirouette,Normal,Combat,100,128,90,77,77,128,5,0,123.0,118.0,0.959349593495935
718,Genesect,Insecte,Acier,71,120,95,120,95,99,5,0,128.0,105.0,0.8203125
719,Marisson,Herbe,,56,61,65,48,45,38,6,0,148.0,26.0,0.17567567567567569
720,Boguerisse,Herbe,,61,78,95,56,58,57,6,0,119.0,48.0,0.40336134453781514
721,Blindepique,Herbe,Combat,88,107,122,74,75,64,6,0,124.0,57.0,0.4596774193548387
722,Feunnec,Feu,,40,45,40,62,60,60,6,0,121.0,41.0,0.33884297520661155
723,Roussil,Feu,,59,59,58,90,70,73,6,0,115.0,67.0,0.5826086956521739
724,Goupelin,Feu,Psy,75,69,72,114,100,104,6,0,126.0,104.0,0.8253968253968254
725,Grenousse,Eau,,41,56,40,62,44,71,6,0,125.0,71.0,0.568
726,Croeporal,Eau,,54,63,52,83,56,97,6,0,139.0,107.0,0.7697841726618705
727,Amphinobi,Eau,Obscur,72,95,67,103,71,122,6,0,127.0,122.0,0.9606299212598425
728,Sapereau,Normal,,38,36,38,32,36,57,6,0,113.0,44.0,0.3893805309734513
729,Excavarenne,Normal,Sol,85,56,77,50,77,78,6,0,128.0,68.0,0.53125
730,Passerouge,Normal,Vol,45,50,43,40,38,62,6,0,136.0,55.0,0.40441176470588236
731,Braisillon,Feu,Vol,62,73,55,56,52,84,6,0,127.0,92.0,0.7244094488188977
732,Flambusard,Feu,Vol,78,81,71,74,69,126,6,0,132.0,120.0,0.9090909090909091
733,Lepidonille,Insecte,,38,35,40,27,25,35,6,0,134.0,11.0,0.08208955223880597
734,Peregrain,Insecte,,45,22,60,27,30,29,6,0,133.0,10.0,0.07518796992481203
735,Prismillon,Insecte,Vol,80,52,50,90,50,89,6,0,120.0,80.0,0.6666666666666666
736,Helionceau,Feu,Normal,62,50,58,73,54,72,6,0,124.0,55.0,0.4435483870967742
737,Nemelios,Feu,Normal,86,68,72,109,66,106,6,0,121.0,98.0,0.8099173553719008
738,Flabebe,Fee,,44,38,39,61,79,42,6,0,151.0,34.0,0.2251655629139073
739,Floette,Fee,,54,45,47,75,98,52,6,0,121.0,48.0,0.39669421487603307
740,Florges,Fee,,78,65,68,112,154,75,6,0,121.0,76.0,0.628099173553719
741,Cabriolaine,Herbe,,66,65,48,62,57,52,6,0,127.0,46.0,0.36220472440944884
742,Chevroum,Herbe,,123,100,62,97,81,68,6,0,129.0,62.0,0.4806201550387597
743,Pandespiegle,Combat,,67,82,62,46,48,43,6,0,118.0,26.0,0.22033898305084745
744,Pandarbare,Combat,Obscur,95,124,78,69,71,58,6,0,123.0,46.0,0.37398373983739835
745,Couafarel,Normal,,75,80,60,65,90,102,6,0,131.0,113.0,0.8625954198473282
746,Psystigri,Psy,,62,48,54,63,60,68,6,0,112.0,58.0,0.5178571428571429
747,Mistigrix Male,Psy,,74,48,76,83,81,104,6,0,115.0,91.0,0.7913043478260869
748,Mistigrix Femelle,Psy,,74,48,76,83,81,104,6,0,127.0,93.0,0.7322834645669292
749,Monorpale,Acier,Spectre,45,80,100,35,37,28,6,0,112.0,35.0,0.3125
750,Dimocles,Acier,Spectre,59,110,150,45,49,35,6,0,132.0,44.0,0.3333333333333333
751,Exagide forme de lame,Acier,,60,150,50,150,50,60,6,0,128.0,64.0,0.5
752,Exagide forme de bouclier,Acier,Spectre,60,50,150,50,150,60,6,0,121.0,63.0,0.5206611570247934
753,Fluvetin,Fee,,78,52,60,63,65,23,6,0,133.0,8.0,0.06015037593984962
754,Cocotine,Fee,,101,72,72,99,89,29,6,0,129.0,25.0,0.1937984496124031
755,Sucroquin,Fee,,62,48,66,59,57,49,6,0,121.0,41.0,0.33884297520661155
756,Cupcanaille,Fee,,82,80,86,85,75,72,6,0,131.0,81.0,0.6183206106870229
757,Sepiatop,Obscur,Psy,53,54,53,37,46,45,6,0,110.0,34.0,0.3090909090909091
758,Sepiatroce,Obscur,Psy,86,92,88,68,75,73,6,0,158.0,108.0,0.6835443037974683
759,Opermine,Roche,Eau,42,52,67,39,56,50,6,0,129.0,37.0,0.2868217054263566
760,Golgopathe,Roche,Eau,72,105,115,54,86,68,6,0,134.0,69.0,0.5149253731343284
761,Venalgue,Poison,Eau,50,60,60,60,60,30,6,0,124.0,14.0,0.11290322580645161
762,Kravarech,Poison,Dragon,65,75,90,97,123,44,6,0,156.0,31.0,0.1987179487179487
763,Flingouste,Eau,,50,53,62,58,63,44,6,0,124.0,17.0,0.13709677419354838
764,Gamblast,Eau,,71,73,88,120,89,59,6,0,147.0,64.0,0.43537414965986393
765,Galvaran,Electrique,Normal,44,38,33,61,43,70,6,0,112.0,59.0,0.5267857142857143
766,Iguolta,Electrique,Normal,62,55,52,109,94,109,6,0,120.0,94.0,0.7833333333333333
767,Ptyranidur,Roche,Dragon,58,89,77,45,45,48,6,0,107.0,34.0,0.3177570093457944
768,Rexillius,Roche,Dragon,82,121,119,69,59,71,6,0,152.0,82.0,0.5394736842105263
769,Amagara,Roche,Glace,77,59,50,67,63,46,6,0,121.0,28.0,0.23140495867768596
770,Dragmara,Roche,Glace,123,77,72,99,92,58,6,0,132.0,61.0,0.4621212121212121
771,Nymphali,Fee,,95,65,65,110,130,60,6,0,122.0,49.0,0.4016393442622951
772,Brutalibre,Combat,Vol,78,92,75,74,63,118,6,0,121.0,107.0,0.8842975206611571
773,Dedenne,Electrique,Fee,67,58,57,81,67,101,6,0,124.0,109.0,0.8790322580645161
774,Strassie,Roche,Fee,50,50,150,50,150,50,6,0,140.0,36.0,0.2571428571428571
775,Mucuscule,Dragon,,45,50,35,55,75,40,6,0,117.0,25.0,0.21367521367521367
776,Colimucus,Dragon,,68,75,53,83,113,60,6,0,130.0,59.0,0.45384615384615384
777,Muplodocus,Dragon,,90,100,70,110,150,80,6,0,106.0,64.0,0.6037735849056604
778,Trousselin,Acier,Fee,57,80,91,80,87,75,6,0,122.0,70.0,0.5737704918032787
779,Broceleme,Spectre,Herbe,43,70,48,50,60,38,6,0,138.0,33.0,0.2391304347826087
780,Desseliande,Spectre,Herbe,85,110,76,65,82,56,6,0,150.0,59.0,0.3933333333333333
781,Pitrouille taille moyenne,Spectre,Herbe,49,66,70,44,55,51,6,0,115.0,49.0,0.4260869565217391
782,Pitrouille petite taille,Spectre,Herbe,44,66,70,44,55,56,6,0,,,
783,Pitrouille grande taille,Spectre,Herbe,54,66,70,44,55,46,6,0,121.0,51.0,0.4214876033057851
784,Pitrouille super taille,Spectre,Herbe,59,66,70,44,55,41,6,0,131.0,33.0,0.25190839694656486
785,Banshitrouye taille moyenne,Spectre,Herbe,65,90,122,58,75,84,6,0,128.0,92.0,0.71875
786,Banshitrouye petite taille,Spectre,Herbe,55,85,122,58,75,99,6,0,121.0,98.0,0.8099173553719008
787,Banshitrouye grande taille,Spectre,Herbe,75,95,122,58,75,69,6,0,124.0,71.0,0.5725806451612904
788,Banshitrouye super taille,Spectre,Herbe,85,100,122,58,75,54,6,0,132.0,52.0,0.3939393939393939
789,Grelaeon,Glace,,55,69,85,32,35,28,6,0,129.0,12.0,0.09302325581395349
790,Seracrawl,Glace,,95,117,184,44,46,28,6,0,121.0,36.0,0.2975206611570248
791,Sonistrelle,Vol,Dragon,40,30,35,45,40,55,6,0,127.0,40.0,0.31496062992125984
792,Bruyverne,Vol,Dragon,85,70,80,97,80,123,6,0,115.0,107.0,0.9304347826086956
793,Xerneas,Fee,,126,131,95,131,98,99,6,1,129.0,107.0,0.8294573643410853
794,Yveltal,Obscur,Vol,126,131,95,131,98,99,6,1,137.0,111.0,0.8102189781021898
795,Zygarde demi forme,Dragon,Sol,108,100,121,81,95,95,6,1,107.0,80.0,0.7476635514018691
796,Diancie,Roche,Fee,50,100,150,100,150,50,6,1,105.0,39.0,0.37142857142857144
797,Mega Diancie,Roche,Fee,50,160,110,160,110,110,6,1,131.0,116.0,0.8854961832061069
798,Hoopa confine,Psy,Spectre,80,110,60,150,130,70,6,1,119.0,60.0,0.5042016806722689
799,Hoopa non lie,Psy,Obscur,80,160,60,170,130,80,6,1,144.0,89.0,0.6180555555555556
800,Volcanion,Feu,Eau,80,110,120,130,90,70,6,1,121.0,75.0,0.6198347107438017
